{"cameraMode":{"drawMode":0,"name":"Shaded","section":"Shading Mode"},"sceneLighting":true,"audioPlay":false,"sceneViewState":{"m_AlwaysRefresh":true,"showFog":true,"showSkybox":true,"showFlares":true,"showImageEffects":true,"showParticleSystems":true,"showVisualEffectGraphs":true,"m_FxEnabled":true},"in2DMode":false,"pivot":{"x":-16.467613220214845,"y":-6.3807573318481449,"z":69.79573822021485},"rotation":{"x":0.09771719574928284,"y":-0.16895560920238496,"z":0.01682955026626587,"w":0.9806584715843201},"size":52.994808197021487,"orthographic":false}