{"cameraMode":{"drawMode":0,"name":"Shaded","section":"Shading Mode"},"sceneLighting":true,"audioPlay":false,"sceneViewState":{"m_AlwaysRefresh":true,"showFog":true,"showSkybox":true,"showFlares":true,"showImageEffects":true,"showParticleSystems":true,"showVisualEffectGraphs":true,"m_FxEnabled":true},"in2DMode":false,"pivot":{"x":-13.868377685546875,"y":14.137687683105469,"z":20.444732666015626},"rotation":{"x":0.29086318612098696,"y":-0.1063956543803215,"z":0.032639890909194949,"w":0.9503393173217773},"size":38.49736404418945,"orthographic":false}