{"cameraMode":{"drawMode":0,"name":"Shaded","section":"Shading Mode"},"sceneLighting":true,"audioPlay":false,"sceneViewState":{"m_AlwaysRefresh":true,"showFog":true,"showSkybox":true,"showFlares":true,"showImageEffects":true,"showParticleSystems":true,"showVisualEffectGraphs":true,"m_FxEnabled":true},"in2DMode":false,"pivot":{"x":5.6934661865234379,"y":20.44089126586914,"z":-34.164772033691409},"rotation":{"x":0.2979290187358856,"y":-0.45854809880256655,"z":0.16657941043376923,"w":0.8205718398094177},"size":1.032751441001892,"orthographic":false}