{"cameraMode":{"drawMode":0,"name":"Shaded","section":"Shading Mode"},"sceneLighting":true,"audioPlay":false,"sceneViewState":{"m_AlwaysRefresh":true,"showFog":true,"showSkybox":true,"showFlares":true,"showImageEffects":true,"showParticleSystems":true,"showVisualEffectGraphs":true,"m_FxEnabled":true},"in2DMode":false,"pivot":{"x":-27.169919967651368,"y":11.756097793579102,"z":-39.57854461669922},"rotation":{"x":0.21964851021766663,"y":0.25870683789253237,"z":-0.06044218689203262,"w":0.9387688636779785},"size":1.405432105064392,"orthographic":false}