{"cameraMode":{"drawMode":0,"name":"Shaded","section":"Shading Mode"},"sceneLighting":true,"audioPlay":false,"sceneViewState":{"m_AlwaysRefresh":true,"showFog":true,"showSkybox":true,"showFlares":true,"showImageEffects":true,"showParticleSystems":true,"showVisualEffectGraphs":true,"m_FxEnabled":true},"in2DMode":false,"pivot":{"x":-27.33016586303711,"y":1.4102849960327149,"z":-7.0157880783081059},"rotation":{"x":0.08700422942638397,"y":0.8709223866462708,"z":-0.16687129437923432,"w":0.4540075957775116},"size":9.803169250488282,"orthographic":false}